id_cells,n_chill_days_rcp85_2030,n_chill_days_rcp85_2050,bio1_rcp85_2030,bio1_rcp85_2050,bio4_rcp85_2030,bio4_rcp85_2050,pop_25km_2030,pop_25km_2050,bio12_rcp85_2030,bio12_rcp85_2050
cell_7232,0,0,18.128495970215752,18.999759265004293,313.5893894270688,315.21705722918153,384.8902797605731,550.5866564805705,285.28064371645536,263.7003749606568
cell_7416,0,0,18.422273276964496,19.27891456182809,276.56913950098453,278.2254729185,1422.5463114654767,1547.8931959352115,256.6609204636938,235.31821001402756
cell_7417,0,0,18.81164625256639,19.692042999532603,365.73245192908377,367.4035040116333,1262.5316935170526,1435.9432295041374,322.7259518128344,297.0863680065669
cell_7418,0,0,17.835209901104207,18.739116226896833,482.7553991118409,484.64265771836244,47.96080931611807,65.01059984506647,461.1313307995578,427.7150842653369
cell_7602,0,0,18.998332281017674,19.888653792343227,409.12603314112937,410.5195064185055,720.2188099273762,848.354743208348,355.71786832285653,327.1153507810146
cell_7604,0,0,16.316205025859023,17.24935830160779,585.9853223708583,588.0301176630104,6.756934676744867,6.781662504768593,554.940578187429,520.259705295978
cell_7786,0,0,17.399949901016075,18.281122186994036,284.1043741501667,286.20639815241947,850.5162832410392,1022.0986475028543,283.26866636752516,259.46620795526405
cell_7787,0,0,18.508363755474768,19.41181454489792,408.48078297738476,410.8997004077947,728.4253844874656,883.9899867625805,416.0052612527711,382.5050894019853
cell_7789,4,0,15.118417405692377,16.05899408370342,585.8493807276843,588.3017568066208,1.0470996923351399,1.1346277568209808,514.905181567498,487.16317556192513
cell_8155,0,0,18.060792733741337,18.951252319952285,321.7371439422943,324.16962290649997,742.6541460184653,893.9068654268746,334.3496344558946,304.0585281528185
cell_8156,0,0,18.670783500509614,19.581888046743963,396.14864187067406,399.7091550689289,81.54468673548396,135.7230279436888,459.26157781975337,420.5236766238801
cell_8339,0,0,18.333540141929664,19.221674189723732,300.98405122547547,303.62116807957517,1154.6133549932867,1404.3866599668554,319.13165191900555,288.33626495267225
cell_8340,0,0,19.063803868585193,19.971334412107435,353.890147876393,356.8691210489911,2210.3279909201874,2551.4742130742425,343.15265316162663,311.72501954645725
cell_8341,0,0,18.95654553463156,19.884914672527888,513.5153287649578,517.4183012780144,423.0849901875929,486.0193194244304,518.0499966598126,473.00822004260783
cell_8342,0,0,18.744479534396653,19.6899069995925,527.650624207538,531.4191750266325,315.99855110959845,408.0509523854349,315.5213037592188,288.9542476621604
cell_8523,0,0,18.19058255310857,19.077738840007026,276.8444391276732,280.0832970836287,1886.6687304429906,2199.747992417217,343.3656686090284,309.3726381658943
cell_8525,0,0,19.413052212491205,20.341106487171878,422.24021283172567,426.0757868274195,1378.4353094550281,1677.1338478172147,453.10608663809114,410.81255582551506
cell_8526,0,0,19.592151974483905,20.538187658576945,453.02999024714666,457.07542864544166,1228.182500027751,1469.746469584156,436.16869283111305,395.9771806283736
cell_8707,0,0,17.578545246432938,18.464851861015703,236.31177584825303,240.91372079204692,83.54675642543725,97.69619946850632,363.75203405524087,327.3092366407797
cell_8708,0,0,18.91583225283229,19.823438201270122,286.2536011080945,290.95689439776845,1943.4057103044229,2198.5659194746186,521.1175562426962,469.942321132178
cell_8709,0,0,19.96235006539555,20.888846927804785,402.29687689631913,406.31742424223637,3001.0132858134284,3359.9891590387774,477.44491056825916,429.7482929561118
cell_8710,0,0,19.351851819347537,20.296509682241407,449.1660946682069,453.8628537288739,845.3931200577952,1011.595224077091,601.7055121559853,543.6801336285828
cell_8712,0,0,16.424069890591806,17.404623437516168,580.2544973350721,585.8154349139212,169.53877078698815,217.4599450650559,962.8534902891193,874.0630757740096
cell_8891,0,0,17.169067312856246,18.054495967309467,269.7536948694776,273.8846611866417,502.4354002449207,678.1615763291668,395.74144277822603,353.67702126831625
cell_8892,0,0,19.00586050083849,19.91265001309833,436.2845432158706,440.0698720811203,520.6213611585348,601.1162885219378,453.7964035993539,405.3319317971376
cell_8893,0,0,19.102569515896697,20.02867224188374,455.8989785223908,459.66944935314643,1092.676836271962,1330.3704349604172,491.85685402824026,441.840587599797
cell_8894,0,0,16.298737777722398,17.24703221553992,603.1947139500328,607.7028046804551,128.57304015507367,159.827400498951,766.5550109867776,689.6272862692017
cell_9075,0,0,16.655880257974456,17.53967750127817,258.70576745986244,263.3630205128647,60.179799101476654,67.0046336064751,496.5134852712557,441.5941582458032
cell_9076,0,0,18.03930560278699,18.94313570664071,416.26962733577847,420.2790620187924,142.76065277473404,166.89503555104932,596.0080892084603,532.2701962843349
cell_9259,0,0,16.175639879380014,17.053382688466908,414.3298566650116,418.15190469417496,346.0181064577486,382.46459202836564,743.8954491198763,663.6630734438465
cell_9996,0,0,15.901575454235699,16.77828151580487,203.87420633092,210.59355133389937,7.316420735022977,7.4799668886673185,471.51190925597575,428.8087981999635
cell_9997,0,0,15.828086720631228,16.723700509958004,424.4166932847894,430.4899655189929,32.63119004644236,38.300292497309464,754.7426744571089,684.8318960598954
cell_10181,0,0,14.909011707077925,15.794544672862292,173.50091793390837,181.94519686164432,26.59988839691787,28.267442858010902,416.69488580204154,380.81901906834327
cell_11106,0,0,16.062351631489673,16.991507188667644,494.63713311041636,503.5853081403914,25.440258575532,28.982584330061318,448.68318429522327,422.39579260254374
cell_11289,0,0,14.709069681123342,15.592644733444176,217.60897013288462,226.2454533792071,331.0321622025991,361.8852855659598,491.9575284162225,464.81287405051273
cell_11659,0,0,15.391168233860677,16.282083852570693,337.23785328936384,345.89684894583377,467.4498279162757,523.5805967277136,988.2020590716085,942.2329335555179
cell_11844,0,0,15.448130602524476,16.341835865681908,431.70472501134935,442.29671832702513,256.6813803791066,299.8482392337016,1236.5797890914546,1184.0727287967647
cell_11845,0,0,16.651089081628854,17.573295111154785,415.2143035357189,425.2177240118663,1559.81038339619,1754.6172264265408,454.759214958679,434.91030475472775
cell_12029,0,0,16.08561498493539,16.98244487038323,388.50245949471764,397.71722749322987,1252.7655535458396,1459.7292253203477,507.2700761262527,487.2489737037171
cell_12399,0,0,15.826544192974463,16.731508376368343,282.27881162844386,294.3054154459581,2093.5870759366726,2278.6345331012044,581.2624873613481,561.9703523510448
cell_12400,0,0,16.78788679994181,17.7189555330541,499.983072840976,512.7527162626843,1234.8728746290287,1374.9011037856797,548.8097819066893,531.3244086923362
cell_12583,0,0,15.948832767113078,16.84127686928296,406.1197257621414,418.0342781954149,14.686400997697316,14.794090454582182,1142.3782962483733,1114.6823342197722
cell_11660,0,0,16.10304634924902,17.022073587842044,436.22410717609364,446.56788788899956,63.567984843376735,83.18595554742774,938.3173834335472,894.5860009098325
cell_11661,0,0,16.328096469377773,17.27482154816862,541.7211833064484,552.8487048626889,78.828433704952,106.45368972568095,643.4768880701661,612.3605919015433
cell_11843,0,0,13.925592106067121,14.792027804372792,223.44447500166012,232.48438506107146,3.563678986065231,3.563678986065231,738.2785462045262,707.8006275133573
cell_12213,0,0,14.200265486568467,15.075859347605796,193.01128723293397,204.48908805702007,569.5509853750472,655.4777607425252,632.8795723385937,609.514584630726
cell_12769,0,0,16.30246207171113,17.22102622511982,470.58692210271835,484.05768998379403,90.84656625134657,98.08531527642882,850.787937255474,830.3255957494912
cell_12953,0,0,15.334419404216645,16.229100339572863,424.4260828471004,436.86869868666923,178.70569197959904,222.94305814667942,1103.409321240957,1076.9309869662243
cell_12954,0,0,15.55633694312328,16.480979527255656,506.66412548524295,521.7137279961091,66.53229744121188,71.07065236651984,1297.1209611503764,1270.8785673569996
cell_13145,2,0,16.23294391984361,17.275569807198075,646.7342885654875,668.1235995569783,47.42708807650716,48.20571570660542,1253.80402708494,1231.0228080437496
cell_13330,0,0,15.348494391955228,16.394564143054716,646.7169333103202,668.7017304481924,47.92584033966116,49.92976831284542,1467.6950418681922,1440.9723099656646
cell_13508,0,0,15.704340661636186,16.60725202575122,585.8191203662599,600.9311612980974,21.213328323390346,26.10537623756282,1246.881870938546,1227.473449763269
cell_17954,55,29,12.199354889210653,13.065348088433563,515.2210194254588,531.9824061115003,46.940148986052286,54.0145731079271,1650.8986959237677,1675.6093409117325
cell_18517,105,105,11.432808143359084,12.449616589242781,692.1402492533756,717.6991889699249,5.518486946522537,5.856220356088913,428.0753335755968,436.0525966700023
cell_3229,0,0,21.88220498290725,22.83547949517391,654.2885372227428,657.9398227093841,460.63371769528675,572.0339653479747,742.846987353916,724.1702111925246
cell_3230,0,0,22.153065196606484,23.105373597702766,665.7563319937258,669.2275722252082,1482.027158345356,1743.4067003356063,761.7278371520097,742.7044591230884
cell_3600,0,0,20.715354045031937,21.679649400853737,687.1145779152205,690.4079681116816,10.928273116928292,11.151654048136539,826.7441200598323,809.0185690570271
cell_3602,0,0,21.28304810721945,22.232214815805584,687.4868022181201,690.2646549696058,262.46697466947063,306.6972278681598,862.1611845204902,843.5176512693492
cell_3787,0,0,21.044421113897776,21.999384241490503,695.1558835843332,697.9879789250494,94.20794955602105,110.32287915352188,846.8143264367261,830.2041905413861
cell_3788,0,0,21.56791130771899,22.515852256502747,690.4857119678775,693.2533005017955,569.5759031812124,714.6484967849877,837.2109483729544,821.0161779958439
cell_3972,0,0,21.273074801520774,22.234844938301787,700.2459433716743,703.2952484507742,79.42068248270562,99.42074924815137,797.5669037332074,783.3242421634994
cell_3973,0,0,21.394241720804512,22.349419926067245,698.2859386692423,701.3195587235205,1182.4315771757738,1383.1389142136195,816.8944834984871,802.4052698675528
cell_4158,0,0,21.06006222744609,22.021072412627056,711.6293213176317,714.7288489916481,394.80539912536864,490.21400148748563,856.9040823888992,843.7674377245194
cell_4529,0,0,20.818309959610417,21.78248214420043,732.6729001409401,736.0334193683125,200.67824133940576,269.0700990372509,863.8102357853359,857.66196624781
cell_5453,0,0,20.028898580528967,21.0183686660247,779.3497090918474,782.3900693416757,13.50271778642161,14.444334419150637,812.709430386493,814.4063998817728
cell_5457,0,0,20.086842140812454,21.0609797235064,783.039952932179,787.0447178192442,9.742490383912067,10.763737281446243,914.265256008787,921.0947709921174
cell_5641,0,0,20.22715665195758,21.211676980682093,781.9470610471975,785.6485491922487,72.4776674807126,92.95469511982526,913.4743053998263,920.061368564752
cell_5642,0,0,20.29215062039405,21.274369174707797,786.3640178412707,790.3625762059771,54.18979761223011,64.39459053101046,929.6576070045008,938.0696541112089
cell_5824,3,0,19.849695339711744,20.84423833569666,800.6450814365364,803.6808177861814,255.67519476158847,309.1980555429582,817.0213810128344,821.0283787074793
cell_5825,0,0,20.252650127769282,21.24548657404714,798.8995364872395,802.2566010477946,818.2395963612948,993.1537182331977,870.2949343772477,875.3975686337825
cell_5826,0,0,20.29405557673979,21.2855221413423,804.1167690978981,807.8270569742415,783.9910322201679,975.1828398917271,913.5928498316786,919.9894506922878
cell_6008,10,1,19.310154086081983,20.314491698171064,805.1209983041864,808.2490249806581,65.33006449626349,72.32860460848117,818.2847768835595,822.9709401304957
cell_6009,5,0,20.19322364203041,21.192885492976355,801.3113019297559,804.3818532053971,205.07196313458775,255.52752672008637,827.3673969272674,831.2402924287272
cell_6010,0,0,20.25909383299819,21.257613703848612,802.6039620410363,805.9939527725161,862.3817350730785,1062.2386933128475,861.1189494397922,866.4222092374494
cell_6011,0,0,20.382504606264416,21.380361783271095,804.3251613448537,808.0719105258665,1094.574309052675,1337.214100554656,874.8163408541637,880.6934249398347
cell_6012,0,0,20.215350383473645,21.212529703106476,799.369854726883,803.4608479950157,1510.8500473506647,1749.9399554841907,941.2896293013296,949.303981901872
cell_6195,0,0,20.053316249088166,21.057967121803816,805.0176622035158,808.4744128819937,145.43984660613975,203.13430392677475,890.6956365204499,897.2411364519769
cell_6196,0,0,20.108216128853382,21.112827258634127,806.4417376581184,810.2665488341999,599.29025826897,712.8687892507724,900.5914275864509,908.4674246247582
cell_6197,1,0,19.778304469963782,20.7828667443771,801.7763341810098,805.9529577019944,1087.933605220799,1257.5567830041987,958.4398615390745,966.8638382377278
cell_6381,5,0,19.66114604031855,20.67279456647558,829.084718619971,832.9935054305655,33.51532699444562,42.164861961772516,980.6379179874925,990.3020102732225
cell_6382,8,0,19.403226161484668,20.415541574477203,818.2003766608689,822.4268387965219,22.316765402852425,39.11411793561302,974.07474642970806,983.3419572928699
cell_7352,11,10,17.503254546629435,18.508516067041313,746.1722860952657,762.8448690010638,1352.7469914420808,1513.665458227946,1364.7367273928069,1402.3522295857065
cell_8273,57,45,16.090704699120487,17.133505098827868,781.3558359144458,798.144376521158,323.5826972632339,366.68334254453464,1501.0261900374944,1536.1602859161853
cell_10843,96,91,14.595987005810851,15.74216504686485,927.5333428460058,941.5621627915573,148.1890406343755,169.8385743096483,1026.4067107116998,1065.7731291015357
cell_10844,94,89,14.916065460573382,16.059800807509195,940.3910865191235,954.775488250445,855.0351725007384,987.6512015783651,1040.6831144510697,1080.506174871362
cell_11810,95,89,11.216456016204363,12.356082459597722,797.9085904639608,809.7821605976847,8.958736718001902,9.992205204778376,1386.3109373746213,1410.224024915873
cell_11995,92,85,13.922383024097904,15.068060414466535,836.8734352396903,848.4109198693811,10.66744134982071,11.23280016824408,1074.6545080662024,1092.4900197241025
cell_12184,82,71,14.993886928902228,16.1481677640817,846.4075270032749,855.8968784181488,1490.828488832383,1698.326447026718,1138.9336380106226,1156.9477877319416
cell_13627,38,57,12.3745138116851,13.609128245323227,979.3172176501362,982.694259868782,2454.9988229261253,2711.0672008452034,964.369391907766,989.7694682676376
cell_13629,41,60,12.014488887040756,13.245079695946417,947.5150191250743,951.9353807985354,137.67946825083368,162.36315433976867,940.0018874280689,960.9231315011725
cell_13812,38,56,11.94893115546975,13.185966199404751,964.3028844299271,966.5921646739567,4721.538091170345,5107.450194275238,930.9066685820786,956.0946250742928
cell_13996,31,47,11.225416601102733,12.468981063641905,977.7690402090409,978.5525656066734,708.6879087171858,833.3763091054373,903.4185738875603,928.5268545301795
cell_14228,89,88,14.164994237369704,15.366272882676691,867.3625522035528,870.3428533687425,9821.591161222676,11445.257186101648,1199.3171214691147,1222.1353976566472
cell_14380,34,57,11.227284757784792,12.474429015393927,953.4940817142831,954.8938553842555,488.11515441792426,577.1774451940339,870.4320576396937,890.9929232196222
cell_14546,19,19,9.86051280831746,11.1473831683587,1038.4487933492746,1035.6010711591111,361.42535749680974,421.8376191427343,874.9639360938447,903.3707168378404
cell_14915,15,17,9.799026784492781,11.097076207202036,1044.4725710495632,1039.926129236208,41.97392213247875,47.036646860547876,848.7632682885198,877.2657824497566
cell_14967,73,94,11.425005658031035,12.675514623157841,913.656198217139,915.5785613018408,345.673778133549,379.6326598979413,1142.7964252070428,1173.8460662859857
cell_15143,31,46,9.582856197853069,10.840699766174609,920.2552491685198,921.9776195597719,93.99596289746246,110.69859150212068,1010.5864768225099,1038.972422510791
cell_15829,11,16,9.158613493355741,10.518119888634338,1139.9998973312513,1134.7221152559919,31.130578541819105,36.536463138063894,829.8398608092429,843.9714988655359
cell_15900,56,87,11.724674906335,12.931383052552672,876.0065781451931,878.5742830655179,1864.297192366697,2163.1417446422774,1244.806104801417,1279.785940328085
cell_16013,11,15,9.242116411685217,10.608677640977254,1145.0338656005313,1139.3473764035962,1398.8459437599186,1554.4772669616386,791.5968005769229,803.0692981964365
cell_16014,11,15,9.447782486960582,10.813702109234338,1141.2355151193688,1135.3643182154824,847.8217589827715,973.7335105296156,813.8921290099264,826.8388211590482
cell_16200,10,15,9.038223691477357,10.40989127778443,1142.3260588548762,1135.5428552284773,34.25626537015021,38.195934098854856,835.898071064368,849.8632345283536
cell_16632,26,30,9.291410528331168,10.577105702560232,972.687816432827,969.7474756586073,11.165509981100126,13.173904835367134,997.26943291466,1027.1604741724414
cell_16820,20,26,8.894371018827412,10.182047514940777,974.9222209162378,972.634332767266,111.37357570137897,118.62856439300191,1000.9312710875369,1031.8329523614314
cell_17371,24,28,9.648889543263449,10.949833382011288,1001.6917724157493,995.3527578849713,64.67116006872003,78.11816903586546,846.6873243714854,880.6410475269641
cell_18054,4,8,5.685082045128805,7.058280014300536,1048.677488072238,1034.3270784806805,7.093313420862609,7.565934854291604,758.540189934201,776.7888335076549
cell_8611,77,63,15.955233129255328,17.0559892184298,832.0103606613864,842.5145455777426,190.08849747094973,236.07634838550166,1167.300302577008,1201.7392800927144
cell_11779,94,96,13.546121939509792,14.71437281299757,953.6985974746267,965.4470632619303,138.96448637151087,164.07951409565374,1103.2178148607343,1137.5369457078486
cell_12152,82,93,12.401194457840745,13.577910683237956,958.2977685658116,968.9048130994739,131.58237100131294,155.33769405295018,1068.9137225506681,1096.5027951749353
cell_12153,82,94,12.86102253927444,14.036857365188874,947.3869779015725,957.6825929577701,1014.871125856456,1170.2006579430004,1046.5730876056216,1072.1816857581061
cell_12183,82,70,14.506348791922482,15.664890278495575,856.7714311711899,866.8689491089946,762.892545055701,900.3793454762371,1106.90102478695,1124.6906449344528
cell_12370,84,77,14.573303553364925,15.731892447787835,853.0339007688203,861.5245973219452,789.7137124110903,940.0167315801704,1173.7917279493906,1191.867000482111
cell_13256,37,54,11.924989169527766,13.154139046582706,993.4403731703617,998.0840882538994,20.356272582703596,30.495696270428336,950.6931517093105,974.6343305488665
cell_13442,38,57,11.73623101808295,12.968262021009163,992.3586226414611,996.7825256789002,852.4386639935515,1115.5564971506342,968.2767162154188,990.9960501782314
cell_13626,34,50,11.725115855587994,12.962557066658214,999.7774335612982,1002.4782840241791,946.7556074052021,1117.332594927467,958.3369631925975,983.1356861648717
cell_14043,89,87,14.137506767697596,15.328380229537002,857.5980277579956,860.768100257779,5750.979610991406,7149.483375240413,1188.3273552962157,1207.9007457612656
cell_14227,94,89,13.285951732169995,14.501452010424307,882.603998093727,885.6230400559944,2417.222078708619,2822.801589836487,1289.651055016848,1317.0129624064955
cell_15899,44,90,11.064922950767238,12.292844236749504,899.6056709524676,902.2240245374741,311.71421713364333,374.9455642974517,1226.696692175043,1261.6228614152487
cell_8836,102,100,11.781914010960795,12.837937153642343,697.9113209288656,712.5091973356948,30.08941586737647,31.810916158899907,1534.8025140333837,1580.6236339271222
cell_9007,63,49,16.152660608583382,17.212061854652426,822.903529820142,840.1025369574302,274.4612661784407,329.7817405156712,1332.5003959559056,1363.7825217567424
cell_11199,96,94,14.563686469478412,15.721782267825938,984.9944216889729,993.42422554667,458.2283833164944,543.7311928450167,954.0977553396662,976.178326653702
cell_12860,32,50,12.586039064899309,13.775139258918642,1052.6179892184016,1060.2860446493248,325.58048345907196,395.08937345557706,804.7046135646842,808.2463975121998
cell_13253,32,50,12.073581377915787,13.309130062606105,1012.0708776107845,1015.7219998597432,11.048442857539971,13.709702894142234,918.3454906850703,942.8049218654277
cell_13625,29,42,11.385007971292739,12.625581589834308,1004.0788896095352,1006.4288058974407,781.4027250726292,895.6687657419336,945.5653137420055,970.7893559836368
cell_13810,28,41,11.11093560280582,12.35489379345412,1007.0883242478675,1008.4894998759954,713.747501084578,876.4422609636821,934.7818830816693,959.1249935260945
cell_9775,66,44,16.270918829816683,17.338694756103425,786.799285927765,797.8855653146227,171.57520424773767,202.6277462632409,1227.9964670033578,1252.9191649097463
cell_10108,88,81,15.501093103037707,16.615113227694263,895.7868603610763,912.6549572489304,19.723184412694856,24.427837367518812,1207.8841300470715,1246.0426862678855
cell_11074,76,56,15.83483988243822,16.932997889425085,810.3950606676431,820.6271193338176,743.2445677782727,872.0695998675556,1171.5444333535318,1184.1124369686638
cell_11597,95,96,13.616021652138512,14.766768826747699,927.4749919891697,939.7255548545854,394.85752391128796,477.5444544834324,1172.4234300715034,1205.3116511771316
cell_11789,98,95,13.777800345744781,14.933068363829983,906.9338371513901,916.9994292373622,841.1952662669374,972.762498383604,1040.9921718380326,1067.8103837179497
cell_12368,84,77,14.18947949188561,15.355233658132565,858.0565275686471,867.7597514272073,416.2390602158731,493.4232774382052,1103.560507008599,1121.7967168017185
cell_12369,89,82,14.52434237447931,15.686316056021017,848.6375241318697,857.7254847286583,1601.2596884940435,1814.3602856011523,1131.1125566936596,1149.596327578758
cell_12533,77,94,12.858327447427637,14.029850510199303,915.9192512359294,924.6509479841884,684.3265342046938,818.5593418657977,997.1635594659567,1019.0765316614935
cell_13098,94,101,12.628520762434784,13.809542916303043,872.5017165185661,881.5480280705422,708.8814888058159,788.0893959302255,1010.5370890720482,1027.2470972437563
cell_13099,96,100,12.71459027108509,13.894829728269718,866.2757584670472,875.4112121782691,310.52106618575027,340.4914475803542,1008.5519419532271,1025.1749341507696
cell_13113,94,90,13.825589771891346,15.011098776561818,870.7446338611046,876.7003344923398,507.26404848891013,585.406066648144,1185.2097464098392,1204.6428164867384
cell_13279,83,98,11.853689098538663,13.050658112797851,893.840088226791,901.8327678658941,46.75419473711724,52.06797087370163,1028.5030294202443,1045.4622147601851
cell_13283,85,96,12.416175774022562,13.606089644469058,877.8056267484528,886.1488560981296,358.797482475766,429.4964743436579,1011.7046225253627,1029.3098129945433
cell_13284,90,99,12.345184948017732,13.533580826392758,871.1776579814618,879.6425654573111,239.05720958054985,265.6810663066242,1062.8251490606701,1080.9081068029964
cell_13464,70,92,11.729957376726942,12.936851758015768,890.8090109996242,897.9994155481205,73.29748211954211,74.67356537143033,1015.5147860871842,1032.5107554497315
cell_13622,27,36,11.042542710407364,12.295141596928648,1029.43171612891,1031.0222984872737,6.293653291074785,6.488411122103525,906.5236810683991,929.9386311636237
cell_13647,59,87,11.675077761338953,12.894582439800889,903.6350156296694,909.6245008842453,244.73980686497634,297.1005485635231,995.9769467298402,1013.9440725514074
cell_13648,63,91,11.75696352950369,12.974864466903524,896.6876402631642,902.897944062542,431.58898986846276,499.821059611758,1017.9854954035263,1035.173630382089
cell_13826,51,71,12.650562691626709,13.883804065095187,965.4787657604844,969.983920402901,312.7364123871341,381.06412438306523,871.9727350327919,890.5636304499376
cell_13832,57,86,12.162504800466124,13.391873787817131,901.4308865275473,906.7442576199973,1289.3774965998493,1389.3908392005799,1006.0191474127505,1023.6104904868571
cell_13833,57,79,11.08277543664176,12.310044668486924,902.6239379778893,908.0584738954336,202.87927822119917,268.58230014938647,1066.306875823646,1084.2452980265841
cell_14018,56,85,11.716694344844726,12.950133220002462,893.209194267983,897.8557865091967,310.53463116137294,348.22372244101615,1142.2867725342471,1162.8449662991786
cell_15509,36,55,10.62920578180021,11.892228485024182,909.8012116737123,910.5149205206618,183.1304965842603,217.26061364718765,852.9096289374755,878.2500649508254
cell_6322,0,0,22.229399747530625,23.221322769997336,709.7211383156332,712.4966078568882,0.020054804797031655,0.03332017702525111,252.7668946235978,260.1406980110457
cell_6329,0,0,20.527306656967223,21.546042671476446,705.7686901917696,712.2216733920473,489.71854011780187,535.3186755857158,393.8436612134179,403.14983320853094
cell_7603,0,0,17.84384890006371,18.75566194054556,484.3931238242842,486.5630108550301,48.715256153563246,70.8505345769583,456.90735774012296,422.22505571337274
cell_8157,0,0,19.15191859632222,20.080622803293032,534.0161040716363,536.678401035817,460.13760816071994,573.3281831161812,334.46724451377304,307.2825817475865
cell_8547,36,13,15.80730891564509,16.940477631163052,736.2236847213488,747.7286023423169,0.9097110465474754,0.9248335877514148,444.6532795795087,443.0456130246138
cell_9078,0,0,18.456725320988177,19.40473898908312,503.0788884034206,507.8700019116659,373.49264112958014,510.5367568817309,442.51028291794375,397.51645115124654
cell_9264,0,0,17.6287837581135,18.608570099186572,729.53189324643,735.2982350489647,46.945009261515686,87.024753246144,283.735708983466,258.88498754415343
cell_9630,0,0,15.789415095361365,16.719798404570668,584.0760890837018,589.7818546655492,0.779326909075223,0.779326909075223,238.57632874520243,214.30420949805725
cell_9814,0,0,17.38352988506753,18.307876003937558,642.2566110089421,648.5961580030485,0.029560256702583255,0.029560256702583255,488.1393230340776,440.07195838289755
cell_9815,0,0,16.69113539261844,17.63647744540657,618.6868012291477,625.8350291923191,0.3219391932298201,0.3219391932298201,258.33266403488483,232.8078212252079
cell_12401,0,0,17.179189184950573,18.133906215008054,559.6812293330141,573.6279340501641,289.3248007205299,349.46681846981204,387.00657983068254,374.5328233441661
cell_13699,1,0,17.43854629791499,18.478946855028653,663.174144826208,685.9877183114121,18.193158685915087,20.499708101681485,1466.0717849449557,1442.7351118561023
cell_897,0,0,24.806317225226323,25.527161950454083,336.209684048239,338.78526749435497,52.62752609612147,149.8953745355989,1481.8000267769546,1457.2844706567425
cell_2923,0,0,23.3452579277063,24.195449138946778,464.41925560998135,472.6909680222434,261.38982548633305,304.101598672162,1404.030829622178,1404.0198213524154
cell_3414,0,0,20.276391499315917,21.23624473568599,670.2253142001573,673.7715410036817,77.11462309108767,127.7955672706722,830.5742107007994,812.3385552471714
cell_3427,0,0,22.323349748108807,23.17269867774311,613.8265656456522,613.9743159615014,1975.5993333187403,2263.078708387763,1182.5207100286343,1174.7749141826785
cell_3632,0,0,21.682098322037856,22.495189406920844,601.0471227202896,605.8991195733661,6.967694613381345,9.596058453757921,1610.0157004007767,1601.433110312218
cell_4579,0,0,20.91598958683059,21.837497349059042,621.2775076967479,633.1156807228485,289.02869420097534,342.34424467846424,1602.6633400435135,1606.5688063373595
cell_4580,0,0,20.84102422149107,21.76428789316022,616.6224577739387,628.3135709805707,223.53517017946794,291.3895289511102,1543.3130637004986,1546.280335298553
cell_9710,89,76,15.980850307028179,17.093117823084224,965.9018902192688,973.1900627261913,9.381398149947568,13.309694114422888,815.0455990648813,833.9570063587405
cell_11999,81,64,15.451583521104004,16.597680407906203,844.8793829404899,854.6848636656199,277.206349568257,328.8411808706951,1108.6922185046556,1126.6978735712753
cell_12772,0,0,17.509360240383163,18.490202035929784,601.3149598427962,618.8700847331646,125.83260346493313,151.60106832896986,499.71294007002325,487.2020194987624
cell_13299,90,89,14.245496149659798,15.438125430782431,880.9110844554552,886.2493342574805,833.293176295713,976.2992512955464,1183.5985085665977,1203.4533545525742
cell_14042,89,88,13.849294786943082,15.057490617534686,868.5576282063591,871.7871947052822,1758.5514251477337,2022.2414998644886,1237.3888400365047,1259.6852163052088
cell_15715,65,92,11.313027422317036,12.512619688268074,868.3759667149627,871.0803609715299,298.943270024933,349.51320078173035,1263.6969609064502,1296.7704655808195
cell_460,0,0,24.461384270157666,25.24655545444248,461.87636686051985,462.19952737068513,138.37433719613958,160.59126021798647,665.0608295496526,654.2987037477274
cell_3243,0,0,21.55998405537826,22.385798581403872,598.815135526326,598.3982210004186,574.3767208737261,734.0158462681541,1286.1356169205649,1279.828981854968
cell_4724,0,0,20.50821780182907,21.432794263324745,696.4891749028213,701.7632129293099,63.358411897289294,77.95144009335134,1160.5125124558183,1159.3608040119057
cell_4910,0,0,20.19396731018554,21.130952283272485,717.1187211458829,723.316546271369,35.697693346253814,45.71647158985581,1205.5294635579485,1204.5617271497226
cell_6596,3,3,18.7393789017011,19.75026611070295,764.9604292869158,780.6227769313354,16.768662680351856,21.871607819510313,1411.1072306230678,1430.178677340281
cell_8786,60,48,17.19026841112961,18.287754707105364,911.5653389781294,918.9396420819724,95.83170665131694,119.8923069233189,882.2406983819683,910.6571347021894
cell_9558,80,72,16.044897368899235,17.125565888457785,871.5007475366673,888.04295502843,7.455752792116138,7.760034655623787,1297.842360151942,1337.3771904566656
cell_9590,54,31,16.613751344421804,17.675518586300893,781.1333543011064,792.2250199830743,512.6731090008524,610.5792643641325,1238.6665768581026,1264.3696503439444
cell_10745,52,96,9.492087442947142,10.57208423691732,629.2558119894322,644.303782700095,0.18476514615833453,0.18476514615833453,1157.1000604705223,1100.3919020196531
cell_11342,0,0,3.476135308129859,4.613981141403739,870.9786195025496,874.9864453851114,9.408694581342202,9.91135838409749,643.8559341541836,659.9841973471341
cell_11670,105,105,6.447181396939917,7.551767911624509,657.0095447356497,675.1586310908251,9.920430394206566,9.920430394206566,747.5149047613249,732.2143313759018
cell_11900,0,0,1.335841574756883,2.463981703520388,760.8268096891416,765.435128255047,3.105143107933199,3.1111030351558613,779.3804509569516,793.3196026438035
cell_11902,0,0,2.4733178471068533,3.5931996922052116,740.7933517364812,745.9989972644601,6.057537691071552,5.778498479429101,700.9686350789534,713.8526232373794
cell_12087,0,0,3.191088313850424,4.314422901703019,749.1770605718729,754.3294096985717,5.216223656671219,4.89248002008551,825.5280117082864,840.6002372919927
cell_12272,0,0,1.5981526785077564,2.724626018598271,733.494779828124,738.5938326540632,0.1379566855090335,0.1379566855090335,1042.5233269848684,1063.3105325357774
cell_12457,0,0,0.015122764386569953,1.1446872650570743,709.2452014145086,714.4257405925912,0.33751808341705986,0.3694514689488251,1226.665488690714,1253.9562585106187
cell_12593,90,103,5.455724729433502,6.533785757184008,646.0367240617567,666.6233117363529,0.27563859509469024,0.34442867389034487,1311.3981650166654,1300.3087050485397
cell_12778,105,105,7.421236632964367,8.499588677788786,652.7671478993133,673.8362126063613,15.664327022472909,15.903070581275262,1031.1911040019872,1023.7024259507137
cell_12963,105,105,8.12735657836676,9.206780978147286,646.7212444224419,667.9477945511867,8.058276282916552,8.173232614483412,712.7680919028744,708.0445478151244
cell_13177,29,49,8.76261305289941,9.984875328744058,817.1889153006572,827.8750250350275,350.15645313088567,425.21621027238683,922.367374220893,935.3481040194118
cell_13178,16,21,7.4018319943242235,8.625871499844902,797.9682734688155,807.9092618108186,49.71455318316333,58.79754570085764,686.9621824485691,699.727236326801
cell_13332,105,105,6.639583990000969,7.7133984049696,625.3525092278742,648.0897376607722,0.3788717749995822,0.3788717749995822,1906.0388770997854,1880.063589772127
cell_13333,105,105,7.212985352869847,8.296325233677823,661.086742129397,683.3792904185428,0.34352532654973755,0.3573335294388668,911.7594923328111,904.6736028909452
cell_15172,0,0,12.296096412508454,13.159149246678597,211.10545145904683,227.51035824385042,59.63809020730148,80.14556742670287,1185.7914225089773,1185.779865796133
cell_17372,14,15,7.666536833949847,8.966846744327622,965.9006787128036,959.8119801377708,26.303618074517033,29.676286815538703,1156.491120504625,1201.7247748617146
cell_17589,104,105,8.840331801289127,9.830959120135375,621.4076592273651,648.5338366296068,0.3150541287247666,0.3150541287247666,896.6963288508359,905.0367522639575
cell_19442,38,56,4.413212393134752,5.434681180633052,559.2877338999225,584.2763829347806,0.760122010968752,0.760122010968752,2667.234540989768,2741.9781670061225
cell_19809,21,6,12.026334084189925,12.991706278634263,503.32724348161196,521.329054130354,249.54046199159623,292.27285242358613,1178.3124140960172,1210.5837515541753
cell_19813,105,105,7.431944389866127,8.482039095292507,565.7567733981209,589.1714459765675,0.20112143377476058,0.20112143377476058,2746.026533899811,2819.2883972304326
cell_20022,0,0,3.9747313500224912,5.21138956048283,737.3650588431873,754.3841288147082,1.9420069938117716e-4,1.9420069938117716e-4,1728.8985334497606,1761.5731191822479
cell_20181,7,1,12.78846224578216,13.806492938187159,488.5845698518733,508.39935189678835,1546.2665030414598,1660.1566306944628,943.6438919712327,968.9796523266097
cell_20207,4,2,2.7065372274869923,3.9487725278618218,712.9303398857593,729.2655164713335,0,0,1756.566686488095,1786.0295589587995
cell_21109,88,100,6.397317860736479,7.505803880155683,541.6443762011775,561.6414839590784,0.04504945373579367,0.04504945373579367,2173.74555327899,2232.5975509782475
cell_14379,33,53,10.83122180243846,12.078952301880456,951.566853612964,952.8968579885403,58.69298065963742,66.81866917171567,823.8731397391598,841.0515096863544
cell_17189,12,15,6.96514634954936,8.26084474055547,961.7144159679657,957.1641254571962,37.45096764433374,40.05386331876725,1094.7926920902278,1132.691595491812
cell_12774,0,0,17.69579673861853,18.713950731395173,623.1806146664845,642.7364086000248,167.9204744525217,231.67721584352444,648.3106824263398,633.923508650815
cell_5670,0,0,19.02194213921418,19.992863390799464,713.0122018476037,727.4316343710396,9.122919675072588,11.10283160584319,1456.5287511822603,1472.8821607923562
cell_6380,4,0,19.620038522762478,20.630995297555053,820.8561086736979,824.4192757835648,51.66683357519549,69.14748042427925,897.7992385874122,904.9403409433675
cell_7899,34,21,16.84516197286753,17.883405541885587,766.6320897768309,783.6893435589712,319.59548100872365,366.954297310342,1480.360270627159,1506.2391061390083
cell_8060,31,16,17.865144234084976,18.941636410480985,837.1563493656812,848.7224473542276,111.8892486407351,132.33236716033989,1232.7450502056497,1256.8157721164898
cell_8231,53,39,17.63055539375896,18.710721666013868,872.7768706357904,880.5216790863728,10.367569691391132,11.515155059599053,917.8248073261022,942.7501919048058
cell_8274,40,28,16.367948415968534,17.411203973688757,783.4575419392545,800.0957138327863,241.47926203603473,280.4335333131347,1422.7425100877958,1457.736784141793
cell_9023,98,92,13.242771777562046,14.295150378187145,728.7143347897181,742.6514900888292,64.76103818547455,75.19883843365247,1180.1040647925715,1218.8186381934818
cell_9406,37,16,16.846757574793166,17.90070842592693,764.1626660892022,774.8832156003248,370.71843318107256,460.39040791418887,1235.2793354897335,1258.3362618801482
cell_9591,43,21,16.749158639758214,17.809437560220537,772.9544062074316,783.6512822684293,667.4864353469505,786.1189089871119,1161.3389099692574,1183.195490639662
cell_9776,61,36,16.589908901265957,17.65568434210931,786.8272399022629,797.4376193203539,46.910813677850925,54.97785032480482,1227.2302075809798,1250.2330056360072
cell_9924,81,72,15.836673658467273,16.9434837187206,888.2007097201534,904.9348569641655,4.604824052774693,4.928122773252437,1216.423776478908,1255.3024579898647
cell_10659,93,86,14.821946506169528,15.961396296617341,930.5347974354706,945.4638949638282,142.36621191232965,174.1466148903881,1029.6410677764695,1068.8533802007828
cell_11030,95,91,14.819819606195164,15.966573424353413,959.9460887563476,973.6612120709033,239.10782183488567,285.62360957979007,990.7584951935123,1027.4145762603168
cell_11440,83,71,15.193659114397907,16.319799542606265,816.1764375254027,828.2527642494805,202.4584843979036,243.63834676818882,1208.2075223625388,1228.0143790838838
cell_11604,96,93,14.106623155880698,15.253431535021882,896.0126981880297,906.6838759822718,737.7291065897948,845.0599891080573,1106.784506162125,1135.6367810638674
cell_11982,96,93,12.812835529877422,13.94764837389426,866.040824869359,877.7785688172136,92.74379417748834,113.57273583948283,1052.7589524677976,1075.7428701699805
cell_11998,81,66,14.96017230961012,16.11065238634233,855.932162619953,866.38471547413,132.97057191840258,177.87541538807818,1118.3410963228146,1136.3730479161181
cell_12367,87,77,14.469809884127397,15.635230309883944,858.3698031281394,868.4682884433765,51.470121017952906,62.865505444520956,1130.303350599386,1148.3861227970215
cell_12534,82,95,12.648655422727861,13.818107176213267,910.7205735576083,919.7483509751622,733.0702351717161,894.7083888175266,1015.0098753925041,1036.484821606337
cell_12552,91,88,14.111458654359971,15.284600020887623,865.9028210628323,875.7082375044128,39.665977862680485,41.30048122061976,1089.124508619723,1108.0826994616687
cell_12553,89,84,14.04703010170133,15.220426836026434,855.5843705629367,864.9575379611115,98.41941262483667,127.16767400355664,1137.3568640478052,1156.6988357472717
cell_12554,89,86,14.021854362190872,15.192706798264474,852.2910296243716,860.9972033137944,137.9258902882106,170.63829892549813,1181.270567633865,1201.5256440950557
cell_12555,89,80,14.59532424349469,15.76269196247948,859.643903534396,867.782587077285,816.7975142612083,936.02206611765655,1155.3657316685778,1174.9017048746355
cell_12718,73,90,12.148480995653399,13.328035774694934,923.2872200045055,931.4431781932387,204.6734636379186,247.1925750109549,982.2807953462062,1003.4091711744228
cell_12740,89,89,14.254606836977903,15.431391285712005,864.1560063069307,872.0264186489273,613.0169454130935,732.8930185382701,1214.9793384089865,1236.1820513724408
cell_12925,94,91,13.048374995322037,14.233353397897194,863.473964820203,871.0252522455891,52.45638868892307,64.98011459601096,1205.817156228862,1227.5400105520275
cell_13051,28,42,11.65372104415591,12.869569205530539,1044.7854563683627,1049.281872291759,19.91005614836202,20.310661615248442,851.7737454708044,862.3312391392616
cell_13097,93,100,11.869596318766495,13.052636339359657,870.3739195478253,879.2356008854393,26.338124832012426,31.528549991170827,1043.7311223295508,1060.7520863842894
cell_13282,82,97,12.465195722649185,13.656644291234034,872.3804986385795,880.6101679444796,167.09007145260142,186.11245302443612,982.0131228257487,998.6225149316994
cell_13298,94,90,13.220798504258182,14.4177972774917,882.9908130217818,888.797432803126,216.72004122032507,253.70809533468827,1246.3946324010126,1267.9784813765846
cell_13441,33,51,11.83732864196001,13.072093142629942,997.1379316560738,1000.8373592280444,588.0107974492425,701.3703110685847,940.6310263791381,964.1449396276536
cell_13462,59,84,11.60883218719677,12.81917219564637,901.6899402057131,908.4024199651377,117.35045271493115,140.9128488546644,987.7830178207956,1005.7314952970343
cell_13484,94,91,13.707455355477883,14.910869298689164,880.8972808808227,886.0858079176152,812.4869620083244,926.2803077784466,1236.3508065030287,1258.281478799103
cell_13485,94,90,14.165082387991777,15.359006538568611,869.5930766328307,874.2709024475121,1964.8610424742324,2407.497968268173,1254.424324903015,1275.103324540163
cell_13645,58,86,11.711029263511714,12.935698987077874,912.4606534793865,917.9740633592548,31.334830256419806,37.55913706377456,948.0942006882772,967.5233090638621
cell_13670,93,93,12.99034332717084,14.197778085037982,875.9846079788875,880.4245299447532,262.5684977542088,299.0369986859408,1244.2240681581065,1266.5040345635557
cell_13671,91,89,13.389139090438151,14.58737502481653,860.7714589646497,864.7078478278064,599.8830392978338,694.8631826388628,1214.2785652221344,1235.1745892807123
cell_13816,48,67,11.718022707739923,12.948693783538477,933.6246335220121,937.8364419904204,25.00042641665167,28.370787248987796,998.5691808384508,1021.6887663031448
cell_13831,58,87,12.329413555173009,13.560885278071499,908.2698733177773,913.4251520353562,479.9294204032039,549.8423302628141,956.7001208356369,974.9175608154592
cell_13856,94,89,12.84824057500331,14.061520115625363,876.9112309422711,880.54966360032,313.3470851681166,360.0431227848113,1241.7441269928595,1265.0553613224936
cell_13857,90,88,13.61335287130016,14.813256805916884,869.0397168827492,872.4570384982842,545.9182013272235,653.8583465407773,1238.358661393199,1261.147426448548
cell_14041,93,93,12.256488476693212,13.479172108872584,880.1852751101266,883.4831114194424,360.7135314209164,424.7557077657817,1328.957985401451,1357.6072948551698
cell_14413,93,90,12.972639792214745,14.18486654416517,866.8091260526965,869.588614485547,1642.5001465167975,1920.4903627420626,1294.1209807018186,1323.4303160600057
cell_14562,29,44,10.50076401815279,11.753001870387973,948.7440371402862,949.0078601670566,500.7277805305759,594.3242876371462,812.7439313057031,831.2003283423409
cell_16385,10,14,8.460069669477935,9.837835879187313,1145.5248723593052,1138.0292373231066,26.948311517527785,28.84377132521412,801.6424011253758,814.5739679531569
cell_3244,0,0,22.11235024996325,22.927135199272783,599.8325197197211,599.6909189198839,155.91378535898318,179.87017290424563,1251.5604591895042,1246.24803602597
cell_3426,0,0,22.002980301192736,22.861748412101463,637.7516731417903,637.9757906501925,1191.8472884441778,1385.470887294237,1145.0003589545947,1136.1658559019215
cell_3611,0,0,21.767940607874888,22.638221737693446,645.5467913745736,646.425766466975,732.3899936111205,904.6539735382709,1126.3415234910908,1117.6096259039764
cell_3613,0,0,21.88979706180865,22.743643358418986,631.2147635926399,632.3027854921847,223.16378556661752,305.52672713533946,1272.3562931401875,1265.1419964543054
cell_3797,0,0,21.60431149285481,22.477665770515465,654.6142331067429,656.1461318746595,380.55661743492834,459.5836567503439,1181.7733012151605,1174.0496002382088
cell_7167,8,5,17.907006786484203,18.90378567226973,740.0775730422058,756.7069074404286,763.4141646239365,901.8126950110598,1312.553037965069,1350.1965643285776
cell_7353,10,8,17.26519026120896,18.269941830271307,745.1605749158559,761.6426174824753,898.1659271782946,1072.4725717415354,1374.770573039592,1413.417463826274
cell_7734,1,0,18.87234416152514,19.87921054154932,737.6864182081666,750.8387272935597,375.0713757070265,435.7716404613021,1266.0890936052772,1300.9317217266464
cell_9008,60,46,16.50318024038616,17.562664883325617,833.578650525531,850.7800743170881,521.3475915978984,616.8563654421598,1269.1708378659746,1298.0199037243142
cell_10860,91,85,15.652897343327934,16.764719466027366,881.3631397783851,895.2750606645809,816.4747791376344,916.7578335881892,1157.453531668597,1192.0967546151323
cell_12000,81,71,15.132774456542528,16.272815293280875,822.6423751363307,831.7622331855334,275.36846440288735,318.7297932310488,1162.545999743787,1179.8227534955938
cell_12167,97,94,12.439951337526042,13.581278350860858,875.4531856203475,886.9172912621559,24.291656061024874,32.00651395199068,1043.2813140256378,1065.869236164994
cell_13483,93,94,13.08988613188355,14.29907472708696,882.7643681398167,888.425397986186,276.5807555406384,313.6605811240736,1194.2750623492605,1215.7362389388975
cell_8835,102,100,12.659293649662331,13.718383698180473,692.1354894775191,706.7222979693963,8.818692141959275,11.167199738343552,1661.2706593668818,1705.0200304867656
cell_8838,94,86,14.279176502657815,15.328366508611513,735.3251253766175,749.5725138879741,166.89594465638424,186.56285544219534,1242.7994343888972,1283.9063307727479
cell_9020,81,67,14.289038926294312,15.351324321097087,748.0792835369514,762.4781853429653,8.223263839208055,8.292654968327886,1357.8819632991786,1392.6938081365327
cell_11442,80,66,15.059730965261448,16.18304243406817,815.9168805706972,827.0664977937894,21.909795984640535,22.6265116496566,1153.873970023299,1171.8986966710363
cell_12737,95,92,13.440802081320946,14.621716739884665,861.6452246207036,871.0750769238338,37.697149994810005,39.894475324997785,1171.3319390744025,1192.18953389693
cell_14224,52,88,11.209127546522051,12.444483316345426,891.6907726292768,895.5107133147883,35.937640344492095,37.00020899592545,1303.510356865186,1333.653536355308
cell_14966,57,93,11.168055555794583,12.421692433284125,909.6331172647997,911.4855892076802,24.258456591226803,26.29985680194595,1283.6660282978594,1320.0753333444293
cell_15338,32,53,8.725650126675767,9.983632240398457,915.778056288772,917.0026187700921,6.719240291117979,6.911483788918586,1368.0004146362644,1405.2062805894047
cell_15528,51,90,10.35249189654304,11.577989545144359,892.9498190641754,895.6774064033541,102.3089658011567,115.47328048636112,1291.537276807016,1324.5841943545904
cell_15714,48,90,10.624680936550632,11.845298506457556,895.7796798320435,898.5565022624039,243.5290453214811,286.97153896715054,1252.719364876612,1286.2133582012243
cell_16083,38,75,10.336036182934134,11.58496495568665,912.414251875884,914.411040337012,66.56591106403624,70.47244712973266,1231.0009714221947,1267.6783296904018
cell_16084,40,83,10.817856613901828,12.052885454293149,913.7509346145538,915.9916007043707,395.74979665670855,472.5867184566639,1172.0585431580669,1206.703098453979
cell_16085,43,86,11.342999658735168,12.554747492414718,874.8231405985371,877.1547832761215,425.7963822459678,510.33080123601286,1241.661314015288,1278.0573221271047
cell_16454,30,47,10.116470574171322,11.36040657108058,909.3118397468502,910.6321626215888,43.453581466211276,47.86215434012796,1164.4702179195551,1199.341154205784
cell_16455,41,85,10.660180302939654,11.884889114383842,883.5051588994482,885.0596321880366,107.62575823425473,117.2803200176993,1213.096302151677,1250.3636066412391
cell_16999,10,11,6.704761528372506,7.996960501586126,957.2502704409645,952.0966618292014,13.420861626523557,14.984081671396538,1044.3922311366778,1082.854246515027
cell_17192,5,8,5.821410328750908,7.11273384944258,926.8862687983096,924.4962173215288,0.63338911965567,0.6751645734565246,1503.3646413457698,1552.3667451998506
cell_17377,4,5,5.505389573206738,6.801702122347496,924.5407951362525,921.1725986340429,0.9554318023806168,1.0040059436892346,1440.6588963667973,1489.4414137928527
cell_17378,12,16,6.1390302058451365,7.4264520775290475,924.511958346906,921.8636922336201,1.7519150257446985,1.7519150257446985,1506.2392677940516,1560.9449060140905
cell_18607,0,1,5.19171122518183,6.547436788244833,1170.1230365590425,1156.6214565272228,1.77940152649647,1.799038929728297,728.42999277255694,739.0285594844012
cell_9011,60,47,15.738750046021755,16.798959056289558,810.7143659242619,827.4370040229189,21.55022533377716,24.209166413936778,1423.3035342798062,1455.072499725795
cell_15096,11,16,9.355472701770738,10.670863041170422,1078.4847741630265,1074.7158063173533,9.27908131663787,10.900559554363747,837.6396356555445,857.1816001273855
cell_17188,14,16,7.860115014455877,9.156397210885647,974.0596845046791,968.9812791111985,22.158509679581723,24.273718994529958,1104.984968783256,1144.6755709596648
cell_6145,0,0,18.969372221682907,19.985622438340073,686.7865926734321,693.6324250072191,8.283978895814144,13.800055149931712,431.91996101331324,441.77626335034836
cell_6328,0,0,22.500307206720073,23.517150173174823,732.0813949575916,738.0269343800505,86.27885159374279,115.74216716267625,279.46064377545565,286.7749581798402
cell_7233,0,0,17.629126843672076,18.52470801219954,496.58718173731097,498.0939394694566,7.121912715501479,7.49250809306869,427.8162255149891,399.1624007458496
cell_7419,0,0,13.903671973095257,14.828657964827274,561.182882047241,563.2609702791389,3.811294291336605,4.797144563547919,681.3218846381949,638.1262027391872
cell_7437,0,0,23.371259653663664,24.440286356407185,784.5837795516276,792.0371633711804,99.03756617143428,126.2897847671368,272.02290061324004,274.55236129659033
cell_7782,0,0,17.43968190922802,18.249888558968717,267.7002518724965,268.3379328632258,0.011950477407650694,0.011950477407650694,255.01691809292973,232.1371199843291
cell_7972,0,0,18.82403677899314,19.736901021176585,384.41969552542855,387.4475705046866,236.98992826763083,363.0638429715098,428.3783898163989,394.30188466505456
cell_7973,0,0,18.639222074458853,19.571583317372735,558.1281960047693,560.8077255508201,3.096752534347714,3.947283815765761,348.36175670949325,321.3912821611998
cell_8153,0,0,17.3840539063605,18.232327531272457,274.4314380138774,276.0525322818524,18.59719219209332,19.846103286264224,322.7872574106363,291.8925236778118
cell_8160,0,0,23.298459127031713,24.273765334705597,716.8406993873923,720.6287664582821,331.416312476077,390.99389999158666,141.95312609130528,135.59344098378497
cell_8345,0,0,21.97079439110474,22.9571906151357,695.5271958453161,700.336835200106,71.86265546577769,82.85529457764879,215.4959685249476,202.13924259221596
cell_8346,0,0,15.531818165655343,16.52858599077784,668.40928248948,673.5443663674325,2.992191814479752,3.5554737546773465,275.98640641061934,266.562877534714
cell_8527,0,0,19.69377461037486,20.656748640825263,504.0945953509106,508.54405244891484,1217.385312383683,1353.6479336156378,344.6045324336581,314.0854451873064
cell_8528,0,0,18.362531767681773,19.33859633969016,560.4881210190402,565.7587502872683,370.2201196030335,483.3687507230354,548.7102023371244,503.46498650068133
cell_8889,0,0,16.565012668606634,17.412856791058587,221.52886456636196,225.90504330056683,0,0,373.35429869341874,332.35035572841537
cell_9443,0,0,16.63933862366569,17.512033580529394,377.7499975110776,381.7208364092481,17.69614687033865,24.172436163459878,547.2011721455577,490.18325305520875
cell_10744,61,20,17.930950836315276,18.996795219388183,684.5789009939054,699.3488508241563,3.003667557802586,3.003667557802586,737.0406534545698,695.7371918580541
cell_11290,0,0,15.412889101920518,16.323097613197323,269.438998926655,278.300336630497,304.74119951735366,394.2770432409071,391.3725208740823,369.0823016499617
cell_11297,0,0,18.28004349317943,19.336001431507366,695.5005041855138,711.5377718153055,19.545187706517357,29.174550802332114,463.88561850980125,441.8050829633633
cell_12030,0,0,16.178945931705396,17.10399379843127,428.9793696578958,440.32369705276574,805.8632377791748,931.3186363569115,518.8098705311046,498.94766093540045
cell_12214,0,0,16.010091973286656,16.910595039672952,319.150672049935,330.1106348373801,901.8708764863015,1058.1058730964342,506.7156500168019,488.31528489210666
cell_12215,0,0,15.737001012102802,16.66544580281382,466.9734443080584,479.57692824304206,712.2706399210695,830.7950494657018,687.9125076570969,662.9232183743482
cell_12216,0,0,16.473919654377838,17.428332022951494,515.8465565898111,529.8636302351855,103.72131042497783,134.3178902938238,472.4049524249217,455.57596915256045
cell_12584,0,0,15.584346997666078,16.497672952148758,379.59564608822524,392.1844493883198,116.42435808106691,140.3902163681243,633.0477246843669,615.3885539300744
cell_12770,0,0,16.762119390232968,17.703083251642255,554.1963811662131,569.2760829167457,84.33325123330262,100.32481274470304,833.8217323845957,814.968811965062
cell_12959,0,0,17.559451118353017,18.58141311697118,642.6788914946251,662.7520890279444,289.430975947024,354.42565274987504,680.4531053691345,666.0807669302416
cell_12960,0,0,16.192523299258493,17.230170611654138,644.2630198709057,664.9916148922562,17.12816273798662,17.344626452337568,1000.3775916570748,981.1725551859847
cell_13138,0,0,16.316861330390612,17.21333432267928,491.7220941422038,504.78911282542646,17.876925136384482,18.59248891104461,1260.9993633794784,1236.5664336222196
cell_13140,0,0,16.706394270429872,17.659697354595522,641.8659005694085,658.6365256405312,0.25892429104107306,0.2663636464260314,899.8409036207909,883.6546389681637
cell_13325,0,0,16.976391040673974,17.935919570658303,673.1430336577373,690.5613265973652,2.8316941090127146,2.9948440307631365,661.6724657395588,650.4096259504282
cell_13883,0,0,18.0252558260801,19.05030798076865,668.0459383471065,690.1526940601291,141.3770492283534,180.81116554485743,782.8467168195148,773.273710507423
cell_6330,0,0,18.331698123779915,19.35230537819511,697.9216919981545,704.9732227454759,5.5616934844448345,6.574436706408653,492.43974978469186,499.9111163789453
cell_8159,48,7,14.144302888827735,15.106038071827676,590.8453175673169,594.8559665837294,9.255282408073839,9.518511043507386,630.6469564055177,586.7379285429109
cell_8344,0,0,18.319130517804684,19.29320324693724,570.9188492105037,575.6282781191774,37.8314620583598,43.49388829725834,453.80462158061596,420.5794758447026
cell_8711,0,0,15.143724227623068,16.10875369952884,594.3127152170096,599.1784212256405,122.10258878546047,159.41166532304877,926.1561819234925,839.7864159511896
cell_8713,14,1,13.935426456388962,14.927126899847302,623.1475954481297,628.8355384914013,33.27414503412537,36.1314917234646,509.58330870586394,466.42493827969304
cell_8896,80,40,13.662025255837184,14.644649583114603,681.2593348088802,686.2262917791323,8.573756048844148,10.8788127128499,444.22588885708876,407.458160453043
cell_9261,11,0,12.194066497270414,13.114915240565285,591.2740929090746,595.7932272811978,0.10876031292442398,0.10876031292442398,882.6486060594478,788.6391051831433
cell_11853,105,105,9.73593885596773,10.816806421121132,610.7325039367053,629.5462793864897,1.0973373111729265,1.0973373111729265,1204.310888469921,1174.56338075568
cell_18141,39,20,12.919497712894668,13.832221972530718,532.9260494653048,553.0321822543424,245.35487762281116,290.35170800371327,1085.4845309738346,1098.8587987028334
cell_7790,0,0,22.608284645648272,23.565109841489143,697.9701440716776,700.3736308830537,2.852394926359582,10.658951005767799,146.1744077235526,140.07740767791043
cell_7977,0,0,20.960129667789943,21.950353453268335,723.5989346036229,727.4963290430132,1.9429789551923868,1.9584494937225643,109.12745991757006,105.93778274813188
cell_8895,69,11,13.845019472543441,14.810846501214531,626.9238104449147,631.7244949022888,1.7669250579806075,2.3863279469937444,757.6513017965349,684.7467808031012
cell_10016,5,0,16.717042659652815,17.82233435936672,788.7639152516933,801.7101601420277,271.61798102756205,316.7150179634985,277.33194597341105,273.2237271764708
cell_12768,0,0,15.344912165298398,16.2408160063589,385.7693140103851,397.9446833859917,85.29918854065784,99.62380755436024,1047.6345115331933,1019.0987515790205
cell_12028,0,0,14.06916511952963,14.937108503019305,200.47870401645292,210.4468356765403,64.47691465604359,72.91848635180246,689.3944777170035,662.6175060224772
cell_15694,40,77,11.112191161771621,12.378500791453067,901.6757943867964,901.3507151646903,862.4737244187204,950.5631057485266,853.0625805409487,880.2982439827184
cell_3790,0,0,21.488375233016235,22.420085458577802,690.9008895807975,693.2864833495529,17.467557356580947,18.54469979157698,891.3585348449135,876.4046224973661
cell_8834,97,88,10.59507896786996,11.656108604485228,701.6255757134443,716.3108563252324,2.5719176839024493,2.608159377020778,1927.769293666739,1973.6739240035433
cell_9024,72,57,15.048213658080556,16.10054899356509,737.7229955282861,751.444085698171,18.89821026304167,20.519877312747624,1250.3378400956663,1291.4715258350227
cell_10495,88,84,14.83341901409193,15.928925929532376,854.76119331851,868.523422025182,40.09067590471658,47.36679814504164,1238.154534552898,1270.4181264163449
cell_10509,96,92,12.871102642811202,13.947537033769645,788.717860623417,801.6580286262027,237.419587966087,285.7813263805942,1042.9956577642001,1067.750226445597
cell_11603,97,93,13.873773969776195,15.020711315993161,899.8384859134682,910.718317692749,135.81368762553384,163.3965893840633,1152.224776983854,1182.8237428168966
cell_12546,80,93,10.223191976206596,11.381312499422634,854.0783898002558,865.0237964749635,9.678916510768989,10.496436341533304,1325.4905492455443,1345.4561592505647
cell_12741,89,85,14.97698558164719,16.15108463397367,869.0547863225562,876.3583365701796,406.027167540282,474.76285482356377,1229.671150411329,1250.2775704467235
cell_13275,56,72,11.328812793508504,12.532365786654683,916.0713214721123,922.8499709902455,78.2587548509938,94.7621152457586,1018.7769409312815,1039.7981924868805
cell_13278,75,96,11.824924468001917,13.02309938151921,895.2778442279164,903.2274621599735,266.85008932656694,309.4046015740089,1021.0506929639589,1038.6843353038382
cell_13300,89,87,14.480752252369161,15.66293447170518,864.8384961078984,869.7125531231127,1098.9685028425226,1267.728685810445,1203.3285968602313,1222.810483473435
cell_13463,68,91,11.794793096593155,13.00282365433685,901.9895280125297,909.0753453204272,387.9157582503327,453.0158274338946,992.0793962033148,1009.8410222091029
cell_13653,48,81,10.925667540674404,12.134445144587266,879.4505042930853,886.4967172903076,32.22112955579101,33.92071005345386,1093.4984458446693,1112.366528064205
cell_13660,63,94,10.792815631200941,11.9955536240345,887.079768993845,894.7969519083044,160.4544879313153,195.49998041169718,1069.6429962562377,1091.893150447007
cell_13853,80,96,12.538257383803463,13.76777149953184,890.3778145281552,895.6438552236426,647.4347193920436,729.5209400296437,1195.526099650974,1219.0555250317645
cell_14229,88,84,13.372983303319323,14.558720941971842,841.389390344834,844.3472951514416,1657.227148093996,1877.951269866284,1247.887689079586,1270.4788625914732
cell_14382,39,66,11.658421633800893,12.905517989111235,942.4687946666596,944.05981295124,1499.3412381349651,1626.8564908893459,851.8077123905366,870.86900866404
cell_14550,27,32,10.17628545268083,11.439000429903102,1011.5134126207943,1008.4228750387374,218.74341640025884,261.69288031372776,866.7487101302586,890.8983418447518
cell_14565,32,42,10.505799177590452,11.756611165075956,951.4133719546273,952.060641536547,217.18626330705334,254.5553579114631,803.6214976781871,822.4322585392815
cell_14577,41,70,11.303970323198568,12.549636631899892,886.605020902862,890.2641024551411,296.89186917734344,340.86288014766916,1106.3005048272191,1130.794082541331
cell_14598,91,94,12.50585876653236,13.730903994520737,888.0616906169546,890.5738170308408,241.17707593728474,289.47788899208865,1294.1776521707066,1325.5068109504216
cell_14599,93,91,12.404286525460057,13.619648435438076,872.899301306044,875.4089819850583,381.98675547344794,442.40596182669674,1329.656803661718,1361.8427064079315
cell_14736,28,36,10.362869667831257,11.629812591672643,947.4211919781078,943.0490427536236,685.2583840169832,820.4554191054438,810.9458719049339,835.4824272897397
cell_14782,76,94,12.01973999794925,13.264998285759225,923.9111032541526,926.2089579082833,205.74929915075364,237.08855963794014,1228.1604296110463,1260.7709758419035
cell_14784,83,95,11.960511978806622,13.189323014037033,881.6690565137072,884.0937783204987,255.3752627333726,293.00586659832226,1364.6294903750936,1400.5169793911912
cell_14960,31,53,9.820389325029804,11.075791847976756,914.9235346429599,917.362367197021,346.42625039096833,383.6246505780582,1053.056596010281,1082.870525370367
cell_15341,70,91,11.747209746077173,12.990533277336894,908.2373917833361,910.710846030188,249.8760875655883,307.36555426944255,1187.7109905267907,1219.664573687342
cell_15345,93,92,12.062565459420028,13.24722969256102,850.9148363216203,854.0560820186714,672.2999246909134,746.5050745758791,1213.021144532187,1241.260587944529
cell_15504,49,85,11.277042571074787,12.553300468560835,899.9809109227654,899.197839876218,307.6279273891165,350.23666948070917,835.7575893834296,859.7582376747323
cell_15711,39,71,9.911698094021641,11.173657183147355,910.5230618083092,912.600228684775,42.12138502985529,46.42988758459086,1240.717276482707,1274.6146256295697
cell_15713,33,60,10.314681169216911,11.548619633347,901.3529259570871,903.9255494581796,553.034599737279,619.1360643031902,1249.070175819886,1282.5692240673952
cell_15891,30,41,10.478002000265207,11.751561591938408,952.1625351508297,951.6763195439771,331.72347869917417,382.19565995148577,995.2661351670891,1023.6142163375926
cell_15901,69,91,11.892581432322835,13.076949097231704,840.0933914785091,842.5849315482542,288.5979682576794,325.0726649392677,1277.442241285444,1312.0496616171583
cell_16199,10,14,9.044218657400425,10.41721635261097,1145.379790549638,1138.7357731714217,233.93947569757395,301.4151094448508,813.3493930489552,825.3558335300035
cell_16263,19,22,7.330769920313582,8.609935435031039,906.0925354680002,905.0904225322743,15.318814833268414,15.318814833268414,1516.9398826400047,1559.5616239587507
cell_16270,40,83,11.327265822550864,12.545781428807697,891.8071053508744,893.7185706951967,270.7924708550786,319.3244040868029,1226.179893406714,1263.2615992436463
cell_17187,17,18,8.113655433695396,9.410161918895406,967.5714867414354,962.3227407996534,19.391726014656232,20.499662957620657,1039.1170791226164,1076.0492118738234
cell_17197,32,43,9.453409483153486,10.680840363122295,866.346349118166,866.3462567904318,28.384349689930698,30.57715136390584,1211.0344686405053,1253.6964403864974
cell_17373,12,15,7.091640998103233,8.390733494609353,975.953248038672,970.1453932889594,19.102543418723002,21.771385914061,1143.1379986649704,1186.0087564177093
cell_17374,13,15,6.888974614967809,8.188158860132086,987.5527920956256,982.1132652372523,7.345849154600064,7.419809720619272,1137.3627812397885,1176.7910915364716
cell_17682,8,12,6.016815017038858,7.392107439907464,1045.3492404594317,1033.557353207268,26.457987045061838,30.983479275421516,785.0359122478651,801.5720907154113
cell_17857,2,7,5.9123991169570225,7.312021171487588,1183.0216347465732,1173.0232704537539,0.6995274906496782,0.8352095535345471,698.1397170946248,700.5682665792162
cell_18512,39,18,13.037956692535193,13.96242195503724,536.862765188801,556.9680512409353,1027.0324642200944,1171.645151693886,1055.7770110138158,1073.1967955650402
cell_18513,56,36,13.082381820669656,14.0319589135613,542.0366992164708,564.46425583846,670.0908384659914,781.1633685466675,1274.3149777063868,1291.9971998409292
cell_18514,101,97,12.333189390099268,13.302660096577645,542.9167344724585,566.8457079587471,7.6571281894030765,10.489761998641757,2120.9919501485947,2153.598179797132
cell_18697,49,29,12.792483604015644,13.712036494930686,543.005179941124,561.9653117611599,101.40102080696984,135.44961203580687,1156.4431396514533,1177.9783856262718
cell_19997,69,55,10.909283562037249,11.942734599806792,506.5622528624228,528.0260201989253,82.79451215796891,116.66072020107416,2029.5278920327667,2080.340101488622
cell_20182,25,9,12.446521351531407,13.484258817953819,505.48304708213055,525.8622358912592,218.76428044711028,272.49322789198675,1201.5506831232537,1230.3961195473662
cell_21292,65,45,11.2938131903824,12.38485117560194,512.6797671587633,529.8439064253987,22.526520924331216,27.937719284867658,1489.036769784096,1522.8271790883687
cell_6348,102,89,13.93259700466914,15.000909466581387,685.3033080223674,692.9135420841245,55.05136419900336,62.56408962267594,452.4560528717724,465.30214758772087
cell_8733,102,105,8.685592038714239,9.825716373692352,727.9605575490118,739.9519404032783,110.24088281663816,110.24088281663816,572.8957525792566,571.1036541679159
cell_11164,64,92,8.13311974080206,9.256135745658552,752.4083693319258,757.0316997535762,226.18898929617242,259.536490266049,481.18394769165474,491.4970228412342
cell_13148,105,105,7.315938890574027,8.396710483708565,674.0303083506807,696.0280263889989,35.53809630031174,36.63692217202383,1184.706166408943,1174.8437756341928
cell_15588,2,3,3.829050220883939,5.043109757595062,845.7342687219949,856.4862047683548,0.20687378986311003,0.21822019158911318,871.8178438705212,894.6201762176065
cell_6789,3,3,18.18219526941406,19.191610583659394,744.985526536615,762.0126299204443,240.19396149670538,288.0842895302271,1468.4989347896317,1499.151714113276
cell_8088,50,40,15.578962854971376,16.61479506373004,784.1529053682419,801.0721312232132,47.56615176050292,56.56393454627106,1592.8860327660086,1630.7176947915143
cell_9019,54,39,15.433928061961275,16.49843808185953,781.7353105680119,796.3381486021003,131.47204962269532,146.70239277837015,1221.2899574596897,1252.3434371194385
cell_12186,81,71,15.14134803720054,16.28566257541699,832.0253065143976,840.1178354310773,96.76318992838826,114.89165328160492,1147.3059308210445,1164.2190075388007
cell_13825,41,66,11.414593525467925,12.648290909764041,945.5994300571181,949.7551840532542,269.141569552046,328.7002848258743,871.1227951116998,890.1333453670767
cell_1746,0,0,24.204084151224407,25.111262272214546,640.7013840766173,643.1959280529007,282.94357511595985,352.6899939699677,482.91845788153955,481.06338206519337
cell_3415,0,0,21.006224487488165,21.96483287108,676.0209776300117,679.4290531192778,181.2085211241235,248.6317820227834,833.7968338900637,814.5606212004943
cell_3416,0,0,21.395646340455848,22.346180252754476,678.3050149944856,681.3356441280823,98.35652416666629,121.5355651825145,840.750503267243,821.4793723831312
cell_3785,0,0,19.85136668941218,20.820948236870045,699.614741384248,702.799704546621,2.836960940054556,2.903053742242951,815.605219999122,799.8650515385032
cell_3789,0,0,21.612797391461342,22.553541624109805,686.4554115985006,689.0780278231134,31.26259043311075,41.490747988309735,864.4474927350082,848.1693819940288
cell_3971,0,0,20.914895336466248,21.8834074340616,704.3905357975403,707.4041284220715,2.67708512851872,2.8269087942270676,773.3042698308209,759.510723359336
cell_4154,0,0,20.262598024994105,21.245577348645355,716.2582181766649,719.4140089042891,0.9021457000549683,0.8734770974395456,712.6977397640811,702.5871325053484
cell_4156,0,0,20.939194851898918,21.912757393389064,717.9901337263996,721.1084125433264,36.0646129771674,39.13579086671566,747.0147290851761,735.5269365161818
cell_4341,0,0,20.30870123413526,21.28575687589015,712.1272936257371,715.2277170217899,16.816097251211975,17.666627455900574,764.7478913524792,755.5254565536277
cell_4710,0,0,20.218371518640346,21.206905609734932,735.947392740384,739.0772190552402,0.6293356147452589,0.6342606836097666,687.2764468890617,682.9368913268196
cell_4714,0,0,20.607031065691917,21.57607161095341,744.3801867299187,747.7723379296096,8.035435005582881,14.393429851324992,834.8319780951854,831.9576384403912
cell_5268,0,0,20.085633848931128,21.07135636835976,767.4899436967614,770.6624256462728,4.929275499466164,5.693750253618628,831.3064656350423,831.7898365391867
cell_5638,0,0,20.25197993374201,21.245305517330554,786.472965623133,789.4726138342826,79.13952705693043,87.23578941329767,795.1647778526769,798.2073175305551
cell_5640,0,0,20.315204412351683,21.302028228601838,783.0173983117172,786.3602226385206,71.44409547576934,91.73662977745857,866.3151121457416,871.6856493285413
cell_17399,28,17,12.66728840906595,13.571223810434875,520.519875836518,541.2746131459958,169.86673736885325,196.59587357428063,1266.9046181437548,1274.2646738775634
cell_11973,97,97,12.9718668811631,14.136280272574703,911.4661067589349,921.1239660255159,68.97077438961333,72.87606018050194,1086.6572695374946,1113.4711683091277
cell_12160,96,98,13.039720447290023,14.205518319451704,919.9631310990893,929.1676969151217,488.95666151928384,577.7289701201025,1042.5062610646555,1066.6473874291266
cell_12366,88,83,13.789015297421027,14.950942516930752,860.7096983741694,871.1349221580039,34.649425308024256,37.87290413421673,1028.0478659873943,1044.2025611037511
cell_12371,82,74,15.393518433563917,16.54773929964877,859.3072255492148,867.1105773871102,384.09453280157555,432.84027805021526,1171.0585381798678,1189.844565219249
cell_13651,62,90,11.463530412600408,12.676631838320851,887.132593620091,893.9124007351602,156.6949736831008,179.13064836737504,1010.0395942149196,1025.7865974035456
cell_14534,12,17,9.653041003750381,10.948948551852293,1113.0442194475854,1111.585695258587,25.967662451206674,29.199408204268014,862.4193050002239,872.9569666186053
cell_8753,100,105,12.344330837927423,13.459785714458558,826.1334646171009,831.916371595574,15.304149899429673,16.49125572094463,357.2814463034178,362.0996891770083
cell_10838,95,92,14.515021046946815,15.680719283568667,943.8587539379046,955.6827610593227,96.39338939503044,109.94836446365036,1004.95446276833,1041.0956046937915
cell_11193,91,94,14.363312061254955,15.498219305115475,1001.1367809856717,1009.8569882646111,75.1275877700355,101.11700566017598,855.0738251110483,870.5896342864135
cell_11788,97,94,13.755385268686231,14.910934912410125,907.2248378287294,917.4998341237064,87.17744437019473,106.87662825987712,1114.703537080997,1143.3749465687351
cell_11903,16,15,8.366368747205815,9.486335556020089,736.1988208593887,741.2549522254199,87.49168507406499,122.34953370475704,495.98730582132333,506.0890773084314
cell_12088,14,15,8.427524644773495,9.550182422420548,740.2573719609367,745.4785280771415,43.144257261545974,46.309062129705715,576.1473200979582,588.2979503868899
cell_13811,33,50,11.35730387017329,12.597852654669733,985.3500934924311,987.096384604826,1227.635847150139,1468.8947654961116,919.3823065299255,944.1529420902971
cell_13995,27,34,10.648098141285555,11.895483755516258,1007.8084367668193,1008.2092998137465,410.3241803139205,511.8965273965413,893.357658941351,916.666879539423
cell_14181,29,46,10.756322616986395,12.00265279666019,976.4303696933846,976.1496785822636,310.05013399295626,397.42183185877235,884.9913821324981,910.6919143475823
cell_14189,41,62,11.389215150931312,12.63060091515608,954.2004655940968,956.352819141501,251.4618248153016,294.7556119594753,947.0226311384401,968.2387870995159
cell_14730,17,17,9.805784184893534,11.100139910083243,1050.431619792036,1046.8938490411142,20.45995138341968,21.174461341726165,813.0200440609266,839.3788141575358
cell_14731,18,18,9.775589382888588,11.066430104466459,1039.1861111894384,1035.3786894356433,159.60827117724781,204.48818744005703,832.9679308021321,861.2261421522117
cell_16565,7,10,8.221392316281793,9.616305243585435,1161.492544509906,1153.9768684935161,157.87904090096197,197.8073662226898,756.704261471496,762.4971851040791
cell_17253,17,24,8.015280144639751,9.208826433975492,831.2281810200402,846.3423793899971,205.7834871837624,239.73492082216742,519.2182955355083,520.0890863354713
cell_10183,0,0,16.57128388446558,17.502631735763053,546.4513025527071,553.2336225450747,0.5936081541994506,0.5936081541994506,404.3924597701508,368.811727613624
cell_12952,0,0,13.159708177243605,14.029235352220853,203.24558448631117,215.75372074553704,10.210261762815579,10.236731782432836,943.519114951129,918.8312903121158
cell_13876,0,0,12.562184466943474,13.44283196434976,215.1566147608999,230.31761734189217,86.6295651440141,88.03595096264105,1075.591991223976,1064.985123918861
cell_8458,66,51,15.341563514266747,16.39147159444772,792.9005073914461,809.5881090064094,18.069648000887753,21.14094406628095,1614.8586559798755,1652.8256206902302
cell_9383,79,69,15.489014601338665,16.555060953699194,801.6549622524958,817.558839623369,4.330098672365958,4.622015870500342,1382.6631223713216,1415.3202823825068
cell_10658,95,89,14.735776850057116,15.877384340165031,927.4048408747212,941.993966196808,38.1010924542088,42.8963598692626,1032.7564346716258,1072.226297969411
cell_13045,29,46,12.250107119908815,13.445551278441176,1057.4560645658128,1064.6893380399474,351.49805885243785,408.9455746748179,784.4046710110481,787.6092405197185
cell_12181,89,85,13.516468607142905,14.671310489274589,840.45006766381,851.1908544918888,19.04616447242859,20.94090918748248,1109.463698623093,1127.2703971971346
cell_14928,31,45,10.233348332345209,11.491943529954922,948.5145142900752,946.5107415562583,63.38312829939212,73.49031608230374,921.7253623266948,945.8170796456095
cell_13693,0,0,15.085334485886822,15.992510868795092,571.111627160597,586.4819512213774,25.471330978505833,34.45534569224464,1215.4244281330018,1199.2104082393428
cell_10484,91,82,15.695187652839417,16.802404136599854,907.267028150698,922.0272231551245,460.0704653413431,526.5569762089121,1173.4030948479974,1210.2993965472783
cell_10893,58,32,16.766847105360778,17.80122631794859,785.7741641612472,792.3467310028984,664.7409465142653,786.9841984015361,1232.1241396043417,1242.07253213944
cell_3483,0,0,23.09997359189351,23.91912531754224,463.1777847281429,470.0067127871509,20.709698144989336,23.805671754289293,1394.2279247684558,1389.8387006041746
cell_3852,0,0,22.415199800075282,23.247781556484234,505.9120414414466,513.4283742920328,28.34931500635144,29.291817735628314,1341.5317052168757,1342.56172405621
cell_5647,0,0,19.822527938142244,20.800195672147957,749.9979441984818,756.0877613179035,109.27093619044823,137.91458272292158,1082.869721130981,1092.2149521026438
cell_6974,8,5,17.797930952269912,18.813095313627358,754.4753985195299,771.5020281134995,295.5692457436826,347.3169210868879,1432.1393642689497,1460.2127761850284
cell_7537,26,13,16.784101180511975,17.798497094282162,754.1901649816655,770.8946630026138,540.6158180337568,652.5467149290041,1386.1651890396188,1424.652709844926
cell_8845,28,13,17.237042946425834,18.286685752332197,770.1952756856194,782.5465776137594,204.61985787830093,257.87892074300106,1228.401780275685,1261.0505356381543
cell_9592,47,27,16.971807088245065,18.02952136907579,771.5857699841517,781.8393667196317,346.9034995562836,412.1563339939756,1230.5093139471794,1252.2963489226472
cell_10558,0,0,18.69094750897964,19.733224522757126,679.6066604470964,692.2497889116925,62.62536745537797,79.8045955051203,289.4074961204921,269.8973523387057
cell_11849,0,0,17.777465910887813,18.792538080917474,638.081197724192,653.3673467535764,129.0102362602422,162.82551608588528,345.58025586656163,332.14277439238026
cell_12773,0,0,17.722515994444247,18.722970161640497,600.7513345302606,619.4914475517669,1389.0387079762725,1601.895866130095,519.7401863679279,506.58028040295574
cell_12544,98,99,13.18330672354141,14.339738568636697,847.6712382155097,858.6943353550016,339.342503190356,397.27415045955394,1103.4864921920275,1120.1745385493607
cell_13276,58,81,11.42187533912777,12.624066143964146,908.0700435828609,915.1757731022826,16.805099840095014,18.297477584886295,988.3342251505435,1007.9374021732431
cell_15456,11,16,9.366072848058037,10.711864972167518,1143.1999633937335,1139.6146586397185,119.82503769964347,140.5883131274926,772.9695194924143,779.705410686671
cell_15699,28,37,9.337681225801564,10.607678645589665,928.0139486116891,927.3839430073997,137.08994760061327,164.16813370139164,1065.0834221797877,1094.606656449014
cell_16198,10,14,9.181771073059345,10.556119696125819,1143.2928677890372,1136.8191820553996,713.5018832829642,824.5767700253768,810.193399679462,821.2413872594018
cell_16634,17,18,7.709562305965567,8.996149277976675,928.0199043337674,926.1366141341134,5.27446985875155,5.321011562733414,1267.4464816230827,1306.3223326758082
cell_8837,103,101,12.561176738221702,13.613876401881296,726.0079396149364,740.4091095366822,41.190320061780376,44.31484435907326,1282.2332647976834,1323.2621246177118
cell_11475,0,0,15.192965087690068,16.106440639349003,283.5278917115741,292.8945514555671,101.24080964579872,130.47541678550525,559.5837836296386,530.8643251910898
cell_12585,0,0,16.468688435559002,17.404583204687857,474.80031026434415,488.71980970547247,266.6212588204151,316.9248346765317,620.116090134434,602.1973572153162
cell_13137,0,0,15.24868454651355,16.115353474030265,412.6564737485296,424.656882945445,0.973231965052836,0.973231965052836,1678.5366613553003,1638.2182238017328
cell_13321,0,0,12.4744806042148,13.321680651447686,179.3040239345398,191.75175135925033,15.264548518967672,15.282091343813354,1021.7284258024596,997.418287277174
cell_14735,23,31,9.715519945720414,10.984945563708205,993.820425081889,989.3461797373297,362.81393266209113,417.772162256842,834.4157555195325,857.9817328185267
cell_8824,60,44,16.460011141485513,17.51739394176572,817.1930874514115,834.2936262486219,321.39850418348135,391.8535992445083,1397.559030735062,1427.3150659121497
cell_14374,34,60,11.239671119226458,12.487260217357981,952.6618156339173,953.7843277796865,23.552251902719426,24.563244904918587,935.11595188688,957.8437200938793
cell_8839,35,19,15.232447586229858,16.281438835332718,739.2023644645391,753.2009385460047,13.404792424270443,14.148159818295582,1692.9353960719538,1748.8101065725764
cell_9209,98,93,12.35960447347397,13.414417059630523,718.690140982963,732.0420962564182,17.414825752943276,18.332511250196763,1473.2633465944496,1520.8312828639241
cell_9581,94,83,12.514868725906194,13.571598637288758,738.9866151227038,751.7552569936001,20.283602034401234,27.79120607969634,1399.601203007936,1442.8399834886995
cell_11625,89,84,13.592001273167304,14.725254928252953,810.1996986565633,822.2498332119437,25.592335120794964,28.88931642972415,1346.9590204860647,1369.60701182465
cell_13640,46,71,11.685025232492773,12.913670699685825,948.4458286867914,953.3461694666194,50.314954295601616,59.25245005760179,910.7012607314405,929.5485792997529
cell_13652,58,85,11.073732638310826,12.284867197130602,877.2086873941454,884.1052811682014,51.231947237079034,56.107867202512494,1061.685907393502,1079.4114027163812
cell_15328,31,41,9.765784266626698,11.02725024912027,919.9754213560805,920.9409949690892,31.85204567721584,45.543843576695735,1009.3183802347911,1037.3600863450604
cell_16036,25,26,9.662966157914934,10.955900487947407,909.4369866445231,901.1155023151478,13.371342789988722,14.314695879657384,872.2762748493317,901.525423194764
cell_17186,24,28,9.60191622972837,10.898908250179302,995.0274474267612,989.5514993374189,4.2553386341848976,4.515619053278219,856.2185025197609,888.8415963639784
cell_17496,8,11,6.236128740922683,7.616662074464516,1059.6678449004878,1048.9013619720108,36.76455792906508,45.50163855314934,789.4259209995624,804.6534608100515
cell_7898,35,22,17.078276030010784,18.116748332535366,788.2578870843325,805.5921724645253,150.04725052438644,179.88719432686597,1449.6872085448883,1473.2716825365314
cell_9748,78,69,15.668051568090958,16.740944662571554,858.4357242765593,875.2647611272437,133.3078372578504,161.60846643952888,1302.5099821180745,1340.5392539362579
cell_12859,31,47,12.29500687414484,13.479649253016515,1053.5399396514913,1061.6317404775318,273.2362335897115,335.5880063952454,778.7724149762022,780.9799547822148
cell_13044,28,46,12.072544200649432,13.26336462201589,1055.7378507876333,1063.2989813092668,189.4810954216629,253.06009149669035,771.8170999674,773.5109962907322
cell_7622,0,0,21.48541189363613,22.566926392536637,755.9888298419012,763.9766399461744,10.086443195830386,10.792793622855793,395.09393684562383,396.10737977904466
cell_10919,0,0,14.709483045334531,15.587232615597166,242.70419992290238,249.71608019397524,5.097378528009093,5.097378528009093,543.1640639664046,507.52902640198386
